{
  "schemaVersion": "2",
  "generatedAtUtc": "2026-02-16T20:14:17.889950+00:00",
  "suite": "small",
  "repeats": 5,
  "compareTools": [],
  "workloads": [
    {
      "name": "small",
      "packages": [
        "lodash",
        "axios",
        "chalk"
      ],
      "results": {
        "jhol_cold_install": [
          1.1362967909662984,
          0.6958505419897847,
          0.7490077499533072,
          0.7646226659999229,
          0.7308537919889204
        ],
        "jhol_warm_install": [
          0.014869707985781133,
          0.01706033304799348,
          0.014836166985332966,
          0.016349832993000746,
          0.01596608298132196
        ],
        "jhol_offline_install": [
          0.015421000018250197,
          0.014065499999560416,
          0.016151832998730242,
          0.017354375042486936,
          0.013892208982724696
        ]
      },
      "averages": {
        "jhol_cold_install": 0.8153263081796467,
        "jhol_warm_install": 0.015816424798686057,
        "jhol_offline_install": 0.015376983408350498
      },
      "medians": {
        "jhol_cold_install": 0.7490077499533072,
        "jhol_warm_install": 0.01596608298132196,
        "jhol_offline_install": 0.015421000018250197
      },
      "stats": {
        "jhol_cold_install": {
          "average": 0.8153263081796467,
          "median": 0.7490077499533072,
          "mad": 0.01815395796438679,
          "p95": 1.0619619659730233,
          "min": 0.6958505419897847,
          "max": 1.1362967909662984,
          "outlier_count": 1,
          "runs": [
            1.1362967909662984,
            0.6958505419897847,
            0.7490077499533072,
            0.7646226659999229,
            0.7308537919889204
          ]
        },
        "jhol_warm_install": {
          "average": 0.015816424798686057,
          "median": 0.01596608298132196,
          "mad": 0.0010942500666715205,
          "p95": 0.016918233036994933,
          "min": 0.014836166985332966,
          "max": 0.01706033304799348,
          "outlier_count": 0,
          "runs": [
            0.014869707985781133,
            0.01706033304799348,
            0.014836166985332966,
            0.016349832993000746,
            0.01596608298132196
          ]
        },
        "jhol_offline_install": {
          "average": 0.015376983408350498,
          "median": 0.015421000018250197,
          "mad": 0.0013555000186897814,
          "p95": 0.017113866633735597,
          "min": 0.013892208982724696,
          "max": 0.017354375042486936,
          "outlier_count": 0,
          "runs": [
            0.015421000018250197,
            0.014065499999560416,
            0.016151832998730242,
            0.017354375042486936,
            0.013892208982724696
          ]
        }
      }
    }
  ],
  "workload": "small",
  "packages": [
    "lodash",
    "axios",
    "chalk"
  ],
  "results": {
    "jhol_cold_install": [
      1.1362967909662984,
      0.6958505419897847,
      0.7490077499533072,
      0.7646226659999229,
      0.7308537919889204
    ],
    "jhol_warm_install": [
      0.014869707985781133,
      0.01706033304799348,
      0.014836166985332966,
      0.016349832993000746,
      0.01596608298132196
    ],
    "jhol_offline_install": [
      0.015421000018250197,
      0.014065499999560416,
      0.016151832998730242,
      0.017354375042486936,
      0.013892208982724696
    ]
  },
  "averages": {
    "jhol_cold_install": 0.8153263081796467,
    "jhol_warm_install": 0.015816424798686057,
    "jhol_offline_install": 0.015376983408350498
  },
  "medians": {
    "jhol_cold_install": 0.7490077499533072,
    "jhol_warm_install": 0.01596608298132196,
    "jhol_offline_install": 0.015421000018250197
  },
  "stats": {
    "jhol_cold_install": {
      "average": 0.8153263081796467,
      "median": 0.7490077499533072,
      "mad": 0.01815395796438679,
      "p95": 1.0619619659730233,
      "min": 0.6958505419897847,
      "max": 1.1362967909662984,
      "outlier_count": 1,
      "runs": [
        1.1362967909662984,
        0.6958505419897847,
        0.7490077499533072,
        0.7646226659999229,
        0.7308537919889204
      ]
    },
    "jhol_warm_install": {
      "average": 0.015816424798686057,
      "median": 0.01596608298132196,
      "mad": 0.0010942500666715205,
      "p95": 0.016918233036994933,
      "min": 0.014836166985332966,
      "max": 0.01706033304799348,
      "outlier_count": 0,
      "runs": [
        0.014869707985781133,
        0.01706033304799348,
        0.014836166985332966,
        0.016349832993000746,
        0.01596608298132196
      ]
    },
    "jhol_offline_install": {
      "average": 0.015376983408350498,
      "median": 0.015421000018250197,
      "mad": 0.0013555000186897814,
      "p95": 0.017113866633735597,
      "min": 0.013892208982724696,
      "max": 0.017354375042486936,
      "outlier_count": 0,
      "runs": [
        0.015421000018250197,
        0.014065499999560416,
        0.016151832998730242,
        0.017354375042486936,
        0.013892208982724696
      ]
    }
  }
}
