{
  "packages": [
    "lodash",
    "axios",
    "chalk"
  ],
  "repeats": 2,
  "results": {
    "jhol_cold_install": [
      1.7819746250170283,
      1.782198957982473
    ],
    "jhol_warm_install": [
      0.19494233300792985,
      0.012010624981485307
    ],
    "jhol_offline_install": [
      0.014982458000304177,
      0.01297241702559404
    ],
    "npm_cold_install": [
      2.8645288340048864,
      3.1530742079776246
    ],
    "npm_warm_install": [
      2.825753042008728,
      2.7539343329844996
    ],
    "yarn_cold_install": [
      3.562470624980051,
      1.0822684590239078
    ],
    "yarn_warm_install": [
      0.8210612910042983,
      0.8573950409772806
    ],
    "pnpm_cold_install": [
      2.0633050840115175,
      1.855299083981663
    ],
    "pnpm_warm_install": [
      1.1077183750167023,
      1.132614874979481
    ],
    "bun_cold_install": [
      1.0221903749916237,
      0.02613766599097289
    ],
    "bun_warm_install": [
      0.02816033299313858,
      0.022717915999237448
    ]
  },
  "averages": {
    "jhol_cold_install": 1.7820867914997507,
    "jhol_warm_install": 0.10347647899470758,
    "jhol_offline_install": 0.013977437512949109,
    "npm_cold_install": 3.0088015209912555,
    "npm_warm_install": 2.7898436874966137,
    "yarn_cold_install": 2.3223695420019794,
    "yarn_warm_install": 0.8392281659907894,
    "pnpm_cold_install": 1.9593020839965902,
    "pnpm_warm_install": 1.1201666249980917,
    "bun_cold_install": 0.5241640204912983,
    "bun_warm_install": 0.025439124496188015
  }
}
