{
  "packages": [
    "lodash",
    "axios",
    "chalk"
  ],
  "repeats": 5,
  "results": {
    "jhol_cold_install": [
      0.838717375008855,
      0.5240983330295421,
      0.49390395800583065,
      0.6385984579683281,
      0.506583500013221
    ],
    "jhol_warm_install": [
      1.5454448339878581,
      0.5345812499872409,
      0.7040772080072202,
      0.7409827500232495,
      0.5541993750375696
    ],
    "npm_cold_install": [
      2.4343495829962194,
      2.2243573329760693,
      1.930425375001505,
      2.087975790956989,
      2.3819491249741986
    ],
    "npm_warm_install": [
      2.2792768749641255,
      2.020446125010494,
      1.5485297500272281,
      1.7730299580143765,
      1.610313833982218
    ],
    "yarn_cold_install": [
      1.7072219169931486,
      1.6022927080048248,
      1.6021517500048503,
      1.632142499962356,
      1.692833208013326
    ],
    "yarn_warm_install": [
      1.0419038340332918,
      1.1088105420349166,
      0.9675086670322344,
      0.9236240839818493,
      1.0180604999768548
    ],
    "pnpm_cold_install": [
      3.0798537909868173,
      2.711115207988769,
      2.0762989170034416,
      2.052170416980516,
      2.110053375014104
    ],
    "pnpm_warm_install": [
      1.551018040976487,
      1.4672191250137985,
      1.394060457998421,
      1.2988838750170544,
      1.3855231250054203
    ],
    "bun_cold_install": [
      0.10923287505283952,
      0.03737470804480836,
      0.04305116704199463,
      0.04978204204235226,
      0.04050541599281132
    ],
    "bun_warm_install": [
      0.04475041595287621,
      0.04921174998162314,
      0.036184541997499764,
      0.04351170902373269,
      0.041795625002123415
    ]
  },
  "averages": {
    "jhol_cold_install": 0.6003803248051554,
    "jhol_warm_install": 0.8158570834086276,
    "npm_cold_install": 2.211811441380996,
    "npm_warm_install": 1.8463193083996885,
    "yarn_cold_install": 1.6473284165957012,
    "yarn_warm_install": 1.0119815254118294,
    "pnpm_cold_install": 2.4058983415947295,
    "pnpm_warm_install": 1.4193409248022362,
    "bun_cold_install": 0.05598924163496122,
    "bun_warm_install": 0.04309080839157105
  },
  "medians": {
    "jhol_cold_install": 0.5240983330295421,
    "jhol_warm_install": 0.7040772080072202,
    "npm_cold_install": 2.2243573329760693,
    "npm_warm_install": 1.7730299580143765,
    "yarn_cold_install": 1.632142499962356,
    "yarn_warm_install": 1.0180604999768548,
    "pnpm_cold_install": 2.110053375014104,
    "pnpm_warm_install": 1.394060457998421,
    "bun_cold_install": 0.04305116704199463,
    "bun_warm_install": 0.04351170902373269
  }
}
