{
  "packages": [
    "lodash",
    "axios",
    "chalk"
  ],
  "repeats": 3,
  "results": {
    "jhol_cold_install": [
      0.6996729170205072,
      0.5103475000069011,
      0.8936942919972353
    ],
    "jhol_warm_install": [
      0.3234952080238145,
      0.3285281670105178,
      0.4883299579960294
    ],
    "npm_cold_install": [
      2.114039624982979,
      2.2072425840015057,
      2.521796125016408
    ],
    "npm_warm_install": [
      1.9881697079981677,
      1.7308310000225902,
      1.633349250012543
    ],
    "yarn_cold_install": [
      3.275675791024696,
      1.7554404999827966,
      1.9330099580110982
    ],
    "yarn_warm_install": [
      0.7749983340036124,
      0.8579902499914169,
      0.838065459014615
    ],
    "pnpm_cold_install": [
      1.8425738750083838,
      1.4653774159960449,
      1.3562447500007693
    ],
    "pnpm_warm_install": [
      1.2134898329968564,
      1.2188124580134172,
      1.2070916660013609
    ],
    "bun_cold_install": [
      0.10572754198801704,
      0.030809874995611608,
      0.0459254999877885
    ],
    "bun_warm_install": [
      0.03876729100011289,
      0.038983209000434726,
      0.0360203750024084
    ]
  },
  "averages": {
    "jhol_cold_install": 0.7012382363415478,
    "jhol_warm_install": 0.3801177776767872,
    "npm_cold_install": 2.281026111333631,
    "npm_warm_install": 1.784116652677767,
    "yarn_cold_install": 2.32137541633953,
    "yarn_warm_install": 0.8236846810032148,
    "pnpm_cold_install": 1.5547320136683993,
    "pnpm_warm_install": 1.2131313190038782,
    "bun_cold_install": 0.06082097232380571,
    "bun_warm_install": 0.03792362500098534
  }
}
