{
  "packages": [
    "lodash",
    "axios",
    "chalk"
  ],
  "repeats": 3,
  "results": {
    "jhol_cold_install": [
      0.6307606669724919,
      0.53161408304004,
      0.5450524580082856
    ],
    "jhol_warm_install": [
      0.34377608296927065,
      0.3120501250377856,
      0.35368754202499986
    ],
    "npm_cold_install": [
      3.703820708033163,
      2.075926207995508,
      1.4827084999997169
    ],
    "npm_warm_install": [
      1.4880167079973035,
      1.766799125005491,
      1.628251000016462
    ],
    "yarn_cold_install": [
      2.171061582979746,
      1.9437584999832325,
      2.086935833969619
    ],
    "yarn_warm_install": [
      0.9169253750005737,
      0.8650436669704504,
      0.882595292001497
    ],
    "pnpm_cold_install": [
      3.17989458295051,
      1.6837437499780208,
      1.6358945419779047
    ],
    "pnpm_warm_install": [
      1.7621756669832394,
      1.4991727079614066,
      1.4515537920524366
    ],
    "bun_cold_install": [
      0.16416841698810458,
      0.05421299999579787,
      0.05234883300727233
    ],
    "bun_warm_install": [
      0.05395858397241682,
      0.048111500043887645,
      0.05388158303685486
    ]
  },
  "averages": {
    "jhol_cold_install": 0.5691424026736058,
    "jhol_warm_install": 0.3365045833440187,
    "npm_cold_install": 2.4208184720094628,
    "npm_warm_install": 1.6276889443397522,
    "yarn_cold_install": 2.0672519723108658,
    "yarn_warm_install": 0.8881881113241737,
    "pnpm_cold_install": 2.1665109583021454,
    "pnpm_warm_install": 1.5709673889990274,
    "bun_cold_install": 0.09024341666372493,
    "bun_warm_install": 0.051983889017719775
  }
}
