{
  "repeats": 5,
  "results": [
    {
      "packages": [
        "lodash",
        "axios",
        "chalk"
      ],
      "jhol": {
        "runs": [
          5.197924416977912,
          6.473350499989465,
          3.825080708018504,
          1.3750132080167532,
          1.873186666984111
        ],
        "median": 3.825080708018504,
        "avg": 3.748911099997349
      },
      "bun": {
        "runs": [
          1.0594292499590665,
          0.09989812498679385,
          0.8603113749995828,
          0.36178879102226347,
          0.31212866702117026
        ],
        "median": 0.36178879102226347,
        "avg": 0.5387112415977754
      },
      "npm": {
        "runs": [
          12.12997433298733,
          10.293220708030276,
          31.448102292022668,
          13.228909708035644,
          7.320625209016725
        ],
        "median": 12.12997433298733,
        "avg": 14.88416645001853
      }
    },
    {
      "packages": [
        "react",
        "react-dom",
        "typescript",
        "express",
        "next"
      ],
      "jhol": {
        "runs": [
          11.403200416010804,
          8.22125570802018,
          14.172300290956628,
          9.345047209004406,
          7.87072333303513
        ],
        "median": 9.345047209004406,
        "avg": 10.20250539140543
      },
      "bun": {
        "runs": [
          43.28184175002389,
          0.6215055420179851,
          0.4671255000284873,
          0.4928555419901386,
          0.49993258295580745
        ],
        "median": 0.49993258295580745,
        "avg": 9.07265218340326
      },
      "npm": {
        "runs": [
          23.069052417005878,
          21.994281624967698,
          19.36375754198525,
          19.528845667024143,
          32.3956079169875
        ],
        "median": 21.994281624967698,
        "avg": 23.270309033594096
      }
    }
  ]
}
