{
  "repeats": 5,
  "results": [
    {
      "packages": [
        "lodash",
        "axios",
        "chalk"
      ],
      "jhol": {
        "runs": [
          1.1385686669964343,
          0.7753550409688614,
          0.7839420829550363,
          0.7760431669885293,
          0.9195490420097485
        ],
        "median": 0.7839420829550363,
        "avg": 0.8786915999837219
      },
      "bun": {
        "runs": [
          1.6169767910032533,
          0.4804851660155691,
          0.4786456669680774,
          0.6000735419802368,
          0.7774156669620425
        ],
        "median": 0.6000735419802368,
        "avg": 0.7907193665858359
      }
    },
    {
      "packages": [
        "react",
        "react-dom",
        "typescript",
        "express",
        "next"
      ],
      "jhol": {
        "runs": [
          6.893609124992508,
          8.755053500004578,
          6.803618667006958,
          5.838785375002772,
          7.188693707983475
        ],
        "median": 6.893609124992508,
        "avg": 7.095952074998058
      },
      "bun": {
        "runs": [
          38.73645741696237,
          10.071528333995957,
          9.818006999965291,
          9.929868915991392,
          9.757154249993619
        ],
        "median": 9.929868915991392,
        "avg": 15.662603183381725
      }
    }
  ]
}
