{
  "packages": [
    "lodash",
    "axios",
    "chalk"
  ],
  "repeats": 5,
  "results": {
    "jhol_cold_install": [
      2.128892000007909,
      0.5250939579564147,
      0.5048940419801511,
      0.4884630409651436,
      0.6277146660140716
    ],
    "jhol_warm_install": [
      0.015591458010021597,
      0.016480542020872235,
      0.01606654201168567,
      0.01571341702947393,
      0.015573374985251576
    ],
    "jhol_offline_install": [
      0.012478707998525351,
      0.011957874987274408,
      0.014275792054831982,
      0.015106417005881667,
      0.013572124997153878
    ],
    "npm_cold_install": [
      1.560898541007191,
      2.7081125419936143,
      2.538825249997899,
      2.431478500016965,
      2.3454889999702573
    ],
    "npm_warm_install": [
      2.3350587079767138,
      2.261362125049345,
      1.9636333750095218,
      2.1419346659677103,
      1.702319541014731
    ],
    "yarn_cold_install": [
      2.213651457976084,
      1.8142217080458067,
      1.8362197909737006,
      2.4211961250402965,
      2.421522374963388
    ],
    "yarn_warm_install": [
      1.900904750043992,
      1.1117860839585774,
      1.0065102919470519,
      1.0601739170379005,
      1.0232772089657374
    ],
    "pnpm_cold_install": [
      2.161427457991522,
      1.6754571249475703,
      1.7060172919882461,
      1.8149092499515973,
      1.6246464169817045
    ],
    "pnpm_warm_install": [
      1.4026372500229627,
      1.7554260419565253,
      1.4882361250347458,
      1.5310414159903303,
      1.4516976670129225
    ],
    "bun_cold_install": [
      0.37644429196370766,
      0.03512600000249222,
      0.04103587503777817,
      0.03885045804781839,
      0.047174832958262414
    ],
    "bun_warm_install": [
      0.04573041602270678,
      0.052048042009118944,
      0.043553791008889675,
      0.04507887503132224,
      0.04822054103715345
    ]
  },
  "averages": {
    "jhol_cold_install": 0.8550115413847379,
    "jhol_warm_install": 0.015885066811461002,
    "jhol_offline_install": 0.013478183408733458,
    "npm_cold_install": 2.316960766597185,
    "npm_warm_install": 2.0808616830036044,
    "yarn_cold_install": 2.1413622913998553,
    "yarn_warm_install": 1.2205304503906518,
    "pnpm_cold_install": 1.796491508372128,
    "pnpm_warm_install": 1.5258077000034973,
    "bun_cold_install": 0.10772629160201178,
    "bun_warm_install": 0.04692633302183822
  },
  "medians": {
    "jhol_cold_install": 0.5250939579564147,
    "jhol_warm_install": 0.01571341702947393,
    "jhol_offline_install": 0.013572124997153878,
    "npm_cold_install": 2.431478500016965,
    "npm_warm_install": 2.1419346659677103,
    "yarn_cold_install": 2.213651457976084,
    "yarn_warm_install": 1.0601739170379005,
    "pnpm_cold_install": 1.7060172919882461,
    "pnpm_warm_install": 1.4882361250347458,
    "bun_cold_install": 0.04103587503777817,
    "bun_warm_install": 0.04573041602270678
  }
}
