{
  "packages": [
    "lodash",
    "axios",
    "chalk"
  ],
  "repeats": 5,
  "results": {
    "jhol_cold_install": [
      2.148074208002072,
      0.8490977499750443,
      0.8393152080243453,
      0.6523353750235401,
      1.134735332976561
    ],
    "jhol_warm_install": [
      0.02311299997381866,
      0.024588249973021448,
      0.02920354198431596,
      0.026122917013708502,
      0.024471874989103526
    ],
    "jhol_offline_install": [
      0.029571750026661903,
      0.0324787080171518,
      0.026070082967635244,
      0.02998908399604261,
      0.034800499968696386
    ],
    "npm_cold_install": [
      3.438278707966674,
      2.318591292016208,
      2.084524624980986,
      2.9547808339702897,
      2.729069375025574
    ],
    "npm_warm_install": [
      2.385948582959827,
      2.577394457999617,
      1.6125482079805806,
      2.135345083021093,
      2.39800516696414
    ],
    "yarn_cold_install": [
      2.382302417012397,
      2.3806588749866933,
      2.2806132080149837,
      2.3228763340157457,
      2.0089028340298682
    ],
    "yarn_warm_install": [
      1.9546042500296608,
      1.3553232089616358,
      1.2270471670199186,
      1.314210082986392,
      1.5425880830152892
    ],
    "pnpm_cold_install": [
      8.66662112501217,
      4.059686291962862,
      4.71715637500165,
      2.4430898330174387,
      7.143118915962987
    ],
    "pnpm_warm_install": [
      1.9883997500292026,
      3.1561549169709906,
      2.018863833975047,
      1.9614361670101061,
      2.1898427499691024
    ],
    "bun_cold_install": [
      0.6789077080320567,
      0.06967412505764514,
      0.06434537499444559,
      0.07377945800544694,
      0.06472820800263435
    ],
    "bun_warm_install": [
      0.06580204202327877,
      0.05294654198223725,
      0.0603870420018211,
      0.07002899999497458,
      0.0694826659746468
    ]
  },
  "averages": {
    "jhol_cold_install": 1.1247115748003125,
    "jhol_warm_install": 0.02549991678679362,
    "jhol_offline_install": 0.03058202499523759,
    "npm_cold_install": 2.7050489667919466,
    "npm_warm_install": 2.2218482997850515,
    "yarn_cold_install": 2.275070733611938,
    "yarn_warm_install": 1.4787545584025792,
    "pnpm_cold_install": 5.405934508191422,
    "pnpm_warm_install": 2.26293948359089,
    "bun_cold_install": 0.19028697481844575,
    "bun_warm_install": 0.06372945839539171
  },
  "medians": {
    "jhol_cold_install": 0.8490977499750443,
    "jhol_warm_install": 0.024588249973021448,
    "jhol_offline_install": 0.02998908399604261,
    "npm_cold_install": 2.729069375025574,
    "npm_warm_install": 2.385948582959827,
    "yarn_cold_install": 2.3228763340157457,
    "yarn_warm_install": 1.3553232089616358,
    "pnpm_cold_install": 4.71715637500165,
    "pnpm_warm_install": 2.018863833975047,
    "bun_cold_install": 0.06967412505764514,
    "bun_warm_install": 0.06580204202327877
  }
}
