{
  "packages": [
    "lodash",
    "axios",
    "chalk"
  ],
  "repeats": 3,
  "results": {
    "jhol_cold_install": [
      1.6268859999836423,
      1.131691459013382,
      0.6790965000109281
    ],
    "jhol_warm_install": [
      0.5258096250181552,
      0.49477370898239315,
      0.4572387920052279
    ],
    "npm_cold_install": [
      2.6815287079953123,
      2.5897873750072904,
      2.740237541991519
    ],
    "npm_warm_install": [
      2.349082875007298,
      2.4946759169979487,
      2.1212298329919577
    ],
    "yarn_cold_install": [
      3.517132832988864,
      2.135158999997657,
      2.5400686250068247
    ],
    "yarn_warm_install": [
      1.029445125022903,
      1.1955954169970937,
      1.03329829100403
    ],
    "pnpm_cold_install": [
      3.904092084005242,
      4.09142579100444,
      1.805685999977868
    ],
    "pnpm_warm_install": [
      1.4014842089964077,
      1.4522574580041692,
      1.2719187499897089
    ],
    "bun_cold_install": [
      0.1157303329964634,
      0.02761008299421519,
      0.032272207987261936
    ],
    "bun_warm_install": [
      0.05787629200494848,
      0.04788295799517073,
      0.050618415989447385
    ]
  },
  "averages": {
    "jhol_cold_install": 1.1458913196693175,
    "jhol_warm_install": 0.4926073753352587,
    "npm_cold_install": 2.6705178749980405,
    "npm_warm_install": 2.321662874999068,
    "yarn_cold_install": 2.730786819331115,
    "yarn_warm_install": 1.0861129443413422,
    "pnpm_cold_install": 3.2670679583291835,
    "pnpm_warm_install": 1.375220138996762,
    "bun_cold_install": 0.05853754132598018,
    "bun_warm_install": 0.05212588866318887
  }
}
