{
  "packages": [
    "lodash",
    "axios",
    "chalk"
  ],
  "repeats": 3,
  "results": {
    "jhol_cold_install": [
      0.8890023750136606,
      0.86738425004296,
      0.8384738329914398
    ],
    "jhol_warm_install": [
      0.6143639590009116,
      0.5610955830197781,
      0.6289062079740688
    ],
    "npm_cold_install": [
      2.6725283749983646,
      2.1480927909724414,
      2.5533270000014454
    ],
    "npm_warm_install": [
      2.4641929999925196,
      2.1607514999923296,
      2.6213631659629755
    ],
    "yarn_cold_install": [
      2.3529151669936255,
      2.1830332079553045,
      2.303559291001875
    ],
    "yarn_warm_install": [
      2.0592994579928927,
      1.7763472080114298,
      2.4910561249707825
    ],
    "pnpm_cold_install": [
      2.59199341700878,
      4.257427749980707,
      2.694795875053387
    ],
    "pnpm_warm_install": [
      1.567843750002794,
      1.5826490000472404,
      3.3059796250308864
    ],
    "bun_cold_install": [
      0.15337916696444154,
      0.0465158749721013,
      0.043639249983243644
    ],
    "bun_warm_install": [
      0.044516249967273325,
      0.04360058298334479,
      0.05024787504225969
    ]
  },
  "averages": {
    "jhol_cold_install": 0.8649534860160202,
    "jhol_warm_install": 0.6014552499982528,
    "npm_cold_install": 2.4579827219907506,
    "npm_warm_install": 2.415435888649275,
    "yarn_cold_install": 2.2798358886502683,
    "yarn_warm_install": 2.108900930325035,
    "pnpm_cold_install": 3.181405680680958,
    "pnpm_warm_install": 2.152157458360307,
    "bun_cold_install": 0.08117809730659549,
    "bun_warm_install": 0.04612156933095927
  },
  "medians": {
    "jhol_cold_install": 0.86738425004296,
    "jhol_warm_install": 0.6143639590009116,
    "npm_cold_install": 2.5533270000014454,
    "npm_warm_install": 2.4641929999925196,
    "yarn_cold_install": 2.303559291001875,
    "yarn_warm_install": 2.0592994579928927,
    "pnpm_cold_install": 2.694795875053387,
    "pnpm_warm_install": 1.5826490000472404,
    "bun_cold_install": 0.0465158749721013,
    "bun_warm_install": 0.044516249967273325
  }
}
