{
  "packages": [
    "lodash",
    "axios",
    "chalk"
  ],
  "repeats": 5,
  "results": {
    "jhol_cold_install": [
      1.943918582983315,
      0.7770067910314538,
      0.7751750000170432,
      0.7472314169863239,
      0.7802889159647748
    ],
    "jhol_warm_install": [
      0.02184812497580424,
      0.016278832976240665,
      0.017570958007127047,
      0.02035308303311467,
      0.015500042005442083
    ],
    "jhol_offline_install": [
      0.01656758302124217,
      0.018917499983217567,
      0.020259209035430104,
      0.022715875005815178,
      0.02124062494840473
    ],
    "npm_cold_install": [
      2.2785855830297805,
      1.6667943749926053,
      1.8181889579864219,
      2.0625072499969974,
      2.375790624995716
    ],
    "npm_warm_install": [
      1.5390967080020346,
      1.5538847909774631,
      1.6642965000355616,
      1.9893747920286842,
      1.6155062079778872
    ],
    "yarn_cold_install": [
      2.1648530830279924,
      1.9232617079978809,
      1.7921132080373354,
      1.7715519999619573,
      1.683370083977934
    ],
    "yarn_warm_install": [
      0.9974211659864523,
      1.0228432499570772,
      0.9748283750377595,
      1.008534500026144,
      0.9510646669659764
    ],
    "pnpm_cold_install": [
      2.5641211250331253,
      2.1569312079809606,
      2.4936103329528123,
      1.969936667010188,
      2.3609475000412203
    ],
    "pnpm_warm_install": [
      1.6632740829954855,
      1.5169390000519343,
      1.4699667079839855,
      1.465295874979347,
      1.4090706669958308
    ],
    "bun_cold_install": [
      0.11046075000194833,
      0.039603957964573056,
      0.04399375000502914,
      0.037055375054478645,
      0.042450000008102506
    ],
    "bun_warm_install": [
      0.040588916977867484,
      0.052568750048521906,
      0.042079958016984165,
      0.04030370799591765,
      0.044793875014875084
    ]
  },
  "averages": {
    "jhol_cold_install": 1.0047241413965822,
    "jhol_warm_install": 0.018310208199545742,
    "jhol_offline_install": 0.01994015839882195,
    "npm_cold_install": 2.0403733582003043,
    "npm_warm_install": 1.672431799804326,
    "yarn_cold_install": 1.86703001660062,
    "yarn_warm_install": 0.9909383915946819,
    "pnpm_cold_install": 2.3091093666036615,
    "pnpm_warm_install": 1.5049092666013166,
    "bun_cold_install": 0.054712766606826335,
    "bun_warm_install": 0.04406704161083326
  },
  "medians": {
    "jhol_cold_install": 0.7770067910314538,
    "jhol_warm_install": 0.017570958007127047,
    "jhol_offline_install": 0.020259209035430104,
    "npm_cold_install": 2.0625072499969974,
    "npm_warm_install": 1.6155062079778872,
    "yarn_cold_install": 1.7921132080373354,
    "yarn_warm_install": 0.9974211659864523,
    "pnpm_cold_install": 2.3609475000412203,
    "pnpm_warm_install": 1.4699667079839855,
    "bun_cold_install": 0.042450000008102506,
    "bun_warm_install": 0.042079958016984165
  }
}
