{
  "packages": [
    "lodash",
    "axios",
    "chalk"
  ],
  "repeats": 3,
  "results": {
    "jhol_cold_install": [
      1.797051333996933,
      0.8426079169730656,
      0.7924019579659216
    ],
    "jhol_warm_install": [
      0.6150594999780878,
      0.6587779589463025,
      0.6882742499583401
    ],
    "npm_cold_install": [
      6.592204666987527,
      3.1266875420114957,
      2.2510557919740677
    ],
    "npm_warm_install": [
      1.8153817080310546,
      1.8628234579809941,
      1.9813288339646533
    ],
    "yarn_cold_install": [
      8.03117591701448,
      2.533560750016477,
      2.611166083952412
    ],
    "yarn_warm_install": [
      1.1231542499735951,
      1.1530868749832734,
      1.2431783340289257
    ],
    "pnpm_cold_install": [
      2.814161333022639,
      2.8218608340248466,
      2.802862665965222
    ],
    "pnpm_warm_install": [
      1.909480332979001,
      1.8676484999596141,
      1.7455084579996765
    ],
    "bun_cold_install": [
      0.7449646250461228,
      0.05309391702758148,
      0.05679920798866078
    ],
    "bun_warm_install": [
      0.05581416602944955,
      0.05063762504141778,
      0.05200120899826288
    ]
  },
  "averages": {
    "jhol_cold_install": 1.14402040297864,
    "jhol_warm_install": 0.6540372362942435,
    "npm_cold_install": 3.9899826669910303,
    "npm_warm_install": 1.8865113333255674,
    "yarn_cold_install": 4.391967583661123,
    "yarn_warm_install": 1.1731398196619314,
    "pnpm_cold_install": 2.8129616110042357,
    "pnpm_warm_install": 1.8408790969794306,
    "bun_cold_install": 0.2849525833541217,
    "bun_warm_install": 0.05281766668971007
  }
}
