{
  "packages": [
    "lodash",
    "axios",
    "chalk"
  ],
  "repeats": 5,
  "results": {
    "jhol_cold_install": [
      1.8448744580382481,
      0.9118954999721609,
      0.8944916659966111,
      1.1305360419792123,
      0.6250122920027934
    ],
    "jhol_warm_install": [
      0.01845220901304856,
      0.01551341701997444,
      0.01700462499866262,
      0.015778166998643428,
      0.01578037498984486
    ],
    "jhol_offline_install": [
      0.017463458003476262,
      0.015479749999940395,
      0.015883500047493726,
      0.01744841696927324,
      0.015350750007200986
    ],
    "npm_cold_install": [
      3.308638041955419,
      2.037099958048202,
      1.7925332080340013,
      2.096578457974829,
      1.7309021250111982
    ],
    "npm_warm_install": [
      1.4803823330439627,
      1.6262904579634778,
      1.5731400409713387,
      1.9601812500040978,
      1.5399557079654187
    ],
    "yarn_cold_install": [
      2.014999750012066,
      1.7244631669600494,
      1.6286160839954391,
      1.7927612499915995,
      1.7246213329490274
    ],
    "yarn_warm_install": [
      0.868304374977015,
      0.813995165983215,
      1.0306095000123605,
      1.2448562079807743,
      0.7246150840073824
    ],
    "pnpm_cold_install": [
      3.077886499988381,
      2.4542653749813326,
      2.227696083020419,
      2.1693992499494925,
      1.926692292036023
    ],
    "pnpm_warm_install": [
      1.384686709032394,
      1.547002999985125,
      1.5153023329912685,
      1.3417438750038855,
      1.6773378339712508
    ],
    "bun_cold_install": [
      1.4326235830085352,
      0.03585208399454132,
      0.03637845802586526,
      0.03942408302100375,
      0.03828970802715048
    ],
    "bun_warm_install": [
      0.10487475001718849,
      0.035711374948732555,
      0.03656241705175489,
      0.07189604197628796,
      0.03520904097240418
    ]
  },
  "averages": {
    "jhol_cold_install": 1.0813619915978052,
    "jhol_warm_install": 0.016505758604034783,
    "jhol_offline_install": 0.016325175005476922,
    "npm_cold_install": 2.19315035820473,
    "npm_warm_install": 1.635989957989659,
    "yarn_cold_install": 1.7770923167816364,
    "yarn_warm_install": 0.9364760665921494,
    "pnpm_cold_install": 2.3711878999951295,
    "pnpm_warm_install": 1.4932147501967847,
    "bun_cold_install": 0.3165135832154192,
    "bun_warm_install": 0.056850724993273614
  },
  "medians": {
    "jhol_cold_install": 0.9118954999721609,
    "jhol_warm_install": 0.01578037498984486,
    "jhol_offline_install": 0.015883500047493726,
    "npm_cold_install": 2.037099958048202,
    "npm_warm_install": 1.5731400409713387,
    "yarn_cold_install": 1.7246213329490274,
    "yarn_warm_install": 0.868304374977015,
    "pnpm_cold_install": 2.227696083020419,
    "pnpm_warm_install": 1.5153023329912685,
    "bun_cold_install": 0.03828970802715048,
    "bun_warm_install": 0.03656241705175489
  }
}
