{
  "packages": [
    "lodash",
    "axios",
    "chalk"
  ],
  "repeats": 3,
  "results": {
    "jhol_cold_install": [
      1.8122825830359943,
      0.7509102919721045,
      0.8320834579644725
    ],
    "jhol_warm_install": [
      0.5742502079810947,
      0.6659036669880152,
      0.6030864579952322
    ],
    "npm_cold_install": [
      4.170131333987229,
      1.8689311659545638,
      2.093535082996823
    ],
    "npm_warm_install": [
      2.0042908339528367,
      2.1696421669912525,
      2.4747745000058785
    ],
    "yarn_cold_install": [
      3.0477504169684835,
      1.8911487499717623,
      1.9647051250212826
    ],
    "yarn_warm_install": [
      1.0829962079878896,
      0.9834168749512173,
      0.962362666032277
    ],
    "pnpm_cold_install": [
      2.3767525830189697,
      2.5349189159460366,
      2.122270291962195
    ],
    "pnpm_warm_install": [
      1.4797005409491248,
      1.366029083961621,
      1.5436112909810618
    ],
    "bun_cold_install": [
      0.3412309169652872,
      0.03799491701647639,
      0.03880487504648045
    ],
    "bun_warm_install": [
      0.0430460839997977,
      0.044781833013985306,
      0.04323675000341609
    ]
  },
  "averages": {
    "jhol_cold_install": 1.1317587776575238,
    "jhol_warm_install": 0.6144134443214474,
    "npm_cold_install": 2.7108658609795384,
    "npm_warm_install": 2.216235833649989,
    "yarn_cold_install": 2.3012014306538426,
    "yarn_warm_install": 1.0095919163237947,
    "pnpm_cold_install": 2.3446472636424005,
    "pnpm_warm_install": 1.4631136386306025,
    "bun_cold_install": 0.13934356967608133,
    "bun_warm_install": 0.043688222339066364
  },
  "medians": {
    "jhol_cold_install": 0.8320834579644725,
    "jhol_warm_install": 0.6030864579952322,
    "npm_cold_install": 2.093535082996823,
    "npm_warm_install": 2.1696421669912525,
    "yarn_cold_install": 1.9647051250212826,
    "yarn_warm_install": 0.9834168749512173,
    "pnpm_cold_install": 2.3767525830189697,
    "pnpm_warm_install": 1.4797005409491248,
    "bun_cold_install": 0.03880487504648045,
    "bun_warm_install": 0.04323675000341609
  }
}
