{
  "packages": [
    "lodash",
    "axios",
    "chalk"
  ],
  "repeats": 5,
  "results": {
    "jhol_cold_install": [
      1.123283334018197,
      0.7232712499680929,
      0.7488945410004817,
      0.6894155420013703,
      0.7037655830499716
    ],
    "jhol_warm_install": [
      0.014285125012975186,
      0.017310000024735928,
      0.016839624964632094,
      0.015623624960426241,
      0.01747787499334663
    ],
    "jhol_offline_install": [
      0.016630750033073127,
      0.0173710830276832,
      0.017026625049766153,
      0.015483708993997425,
      0.015310749993659556
    ],
    "npm_cold_install": [
      3.4430446670157835,
      1.3191524160210975,
      1.6299369160551578,
      1.629261249967385,
      1.1690979999839328
    ],
    "npm_warm_install": [
      1.2992234170087613,
      1.2305700830183923,
      1.5190582079812884,
      1.0963251669891179,
      1.5336224579950795
    ],
    "yarn_cold_install": [
      2.2995972910430282,
      1.8106599589809775,
      1.6610812920262106,
      1.7198964999988675,
      1.8561113749747165
    ],
    "yarn_warm_install": [
      0.833199082990177,
      1.1638267079833895,
      0.9088957919739187,
      0.8523828749894165,
      0.9039666660246439
    ],
    "pnpm_cold_install": [
      2.38353383296635,
      2.1321552080335096,
      1.926714415953029,
      2.024632707994897,
      1.9798370000207797
    ],
    "pnpm_warm_install": [
      1.473463999980595,
      1.5177386249997653,
      1.487106374988798,
      1.3540784170036204,
      1.4791180830216035
    ],
    "bun_cold_install": [
      0.7229245000053197,
      0.03879358299309388,
      0.04714379203505814,
      0.03704066597856581,
      0.09376112499739975
    ],
    "bun_warm_install": [
      0.04544691601768136,
      0.04367899999488145,
      0.06150099996011704,
      0.04430554196005687,
      0.054695708968210965
    ]
  },
  "averages": {
    "jhol_cold_install": 0.7977260500076226,
    "jhol_warm_install": 0.016307249991223217,
    "jhol_offline_install": 0.01636458341963589,
    "npm_cold_install": 1.8380986498086713,
    "npm_warm_install": 1.335759866598528,
    "yarn_cold_install": 1.8694692834047602,
    "yarn_warm_install": 0.9324542247923091,
    "pnpm_cold_install": 2.089374632993713,
    "pnpm_warm_install": 1.4623010999988764,
    "bun_cold_install": 0.18793273320188747,
    "bun_warm_install": 0.04992563338018954
  },
  "medians": {
    "jhol_cold_install": 0.7232712499680929,
    "jhol_warm_install": 0.016839624964632094,
    "jhol_offline_install": 0.016630750033073127,
    "npm_cold_install": 1.629261249967385,
    "npm_warm_install": 1.2992234170087613,
    "yarn_cold_install": 1.8106599589809775,
    "yarn_warm_install": 0.9039666660246439,
    "pnpm_cold_install": 2.024632707994897,
    "pnpm_warm_install": 1.4791180830216035,
    "bun_cold_install": 0.04714379203505814,
    "bun_warm_install": 0.04544691601768136
  }
}
