{
  "packages": [
    "lodash",
    "axios",
    "chalk"
  ],
  "repeats": 3,
  "results": {
    "jhol_cold_install": [
      1.461213874979876,
      0.7148078329628333,
      0.8766159589868039
    ],
    "jhol_warm_install": [
      0.5047780830063857,
      0.7994098330382258,
      0.6793958329944871
    ],
    "npm_cold_install": [
      4.353655083978083,
      3.1838100840104744,
      3.2568735419772565
    ],
    "npm_warm_install": [
      2.5058142080088146,
      2.6871741660288535,
      2.375448459002655
    ],
    "yarn_cold_install": [
      2.6328917909995653,
      2.2746890839771368,
      2.172511582961306
    ],
    "yarn_warm_install": [
      1.2414993330021389,
      1.2160635420004837,
      1.27961458300706
    ],
    "pnpm_cold_install": [
      2.451365624961909,
      2.2631700829952024,
      2.55224474996794
    ],
    "pnpm_warm_install": [
      2.07790291699348,
      1.9470920420135371,
      2.027343792025931
    ],
    "bun_cold_install": [
      0.7306240420439281,
      0.04819412500364706,
      0.07406524999532849
    ],
    "bun_warm_install": [
      0.0630363340023905,
      0.05732750002061948,
      0.0646745830308646
    ]
  },
  "averages": {
    "jhol_cold_install": 1.0175458889765043,
    "jhol_warm_install": 0.6611945830130329,
    "npm_cold_install": 3.598112903321938,
    "npm_warm_install": 2.522812277680108,
    "yarn_cold_install": 2.3600308193126693,
    "yarn_warm_install": 1.2457258193365608,
    "pnpm_cold_install": 2.422260152641684,
    "pnpm_warm_install": 2.017446250344316,
    "bun_cold_install": 0.28429447234763455,
    "bun_warm_install": 0.06167947235129153
  }
}
