{
  "packages": [
    "lodash",
    "axios",
    "chalk"
  ],
  "repeats": 5,
  "results": {
    "jhol_cold_install": [
      2.015451417013537,
      0.7352025419822894,
      0.7349190420354716,
      0.7692083329893649,
      0.79147041705437
    ],
    "jhol_warm_install": [
      0.01499283395241946,
      0.01467262499500066,
      0.01564070797758177,
      0.014484749990515411,
      0.014690832991618663
    ],
    "jhol_offline_install": [
      0.014396333019249141,
      0.015038207988254726,
      0.01229670800967142,
      0.013749375008046627,
      0.013258208986371756
    ],
    "npm_cold_install": [
      3.9772767079994082,
      1.8962779159774072,
      1.3790786249446683,
      2.3869812090415508,
      1.8246214159880765
    ],
    "npm_warm_install": [
      1.6639612920116633,
      2.3403013750212267,
      1.5085594999836758,
      2.0111245840089396,
      1.2704763329820707
    ],
    "yarn_cold_install": [
      2.4104901250102557,
      1.8667162499623373,
      1.7542411670438014,
      2.870782457990572,
      1.9057244170107879
    ],
    "yarn_warm_install": [
      1.0496828749892302,
      1.0511465420131572,
      1.0233729170286097,
      1.0999756249948405,
      0.9560357499867678
    ],
    "pnpm_cold_install": [
      3.598355875001289,
      2.7071638330235146,
      2.136328666994814,
      2.633977417019196,
      2.1408623339957558
    ],
    "pnpm_warm_install": [
      1.6121071250527166,
      1.772579875017982,
      1.6716142089571804,
      1.614712624985259,
      1.6766766660148278
    ],
    "bun_cold_install": [
      1.387621833011508,
      0.0462561669992283,
      0.038060416001826525,
      0.04184641601750627,
      0.03998237499035895
    ],
    "bun_warm_install": [
      0.05267112504225224,
      0.04199779196642339,
      0.04304595896974206,
      0.0446032079635188,
      0.042351749958470464
    ]
  },
  "averages": {
    "jhol_cold_install": 1.0092503502150065,
    "jhol_warm_install": 0.014896349981427193,
    "jhol_offline_install": 0.013747766602318735,
    "npm_cold_install": 2.2928471747902224,
    "npm_warm_install": 1.7588846168015153,
    "yarn_cold_install": 2.1615908834035507,
    "yarn_warm_install": 1.036042741802521,
    "pnpm_cold_install": 2.6433376252069136,
    "pnpm_warm_install": 1.669538100005593,
    "bun_cold_install": 0.3107534414040856,
    "bun_warm_install": 0.044933966780081394
  },
  "medians": {
    "jhol_cold_install": 0.7692083329893649,
    "jhol_warm_install": 0.014690832991618663,
    "jhol_offline_install": 0.013749375008046627,
    "npm_cold_install": 1.8962779159774072,
    "npm_warm_install": 1.6639612920116633,
    "yarn_cold_install": 1.9057244170107879,
    "yarn_warm_install": 1.0496828749892302,
    "pnpm_cold_install": 2.633977417019196,
    "pnpm_warm_install": 1.6716142089571804,
    "bun_cold_install": 0.04184641601750627,
    "bun_warm_install": 0.04304595896974206
  }
}
