{
  "packages": [
    "lodash",
    "axios",
    "chalk"
  ],
  "repeats": 5,
  "results": {
    "jhol_cold_install": [
      0.8514702079701237,
      0.8190590420272201,
      0.817393625038676,
      0.8591735829832032,
      0.8569018749985844
    ],
    "jhol_warm_install": [
      0.020677874970715493,
      0.0173711659736,
      0.021069499955046922,
      0.02419866598211229,
      0.02422312501585111
    ],
    "jhol_offline_install": [
      0.023778875009156764,
      0.018048665951937437,
      0.02595891698729247,
      0.019255957973655313,
      0.0192672919947654
    ],
    "npm_cold_install": [
      2.4284136660280637,
      2.457717999990564,
      1.8740472909994423,
      2.318089125037659,
      2.5128060409915633
    ],
    "npm_warm_install": [
      1.9965015839552507,
      3.906768833985552,
      2.5242685839766636,
      2.017668707994744,
      1.7211253339773975
    ],
    "yarn_cold_install": [
      1.9697709169704467,
      2.268324292032048,
      2.640414416033309,
      1.6239661250147037,
      1.9924066250096075
    ],
    "yarn_warm_install": [
      1.0430374590214342,
      1.1194482909631915,
      1.584421417035628,
      1.1933680840302259,
      0.8653309579822235
    ],
    "pnpm_cold_install": [
      1.9104177500121295,
      1.868279625021387,
      2.1666789170121774,
      2.191766500007361,
      1.867018291959539
    ],
    "pnpm_warm_install": [
      1.4835727919708006,
      1.3861129169818014,
      1.4111743749817833,
      1.3104425000492483,
      1.6386181669658981
    ],
    "bun_cold_install": [
      0.12375112500740215,
      0.04428116598865017,
      0.038916457968298346,
      0.04377716698218137,
      0.051806500006932765
    ],
    "bun_warm_install": [
      0.040944250009488314,
      0.04329629096901044,
      0.043152709025889635,
      0.04086316598113626,
      0.04603245801990852
    ]
  },
  "averages": {
    "jhol_cold_install": 0.8407996666035615,
    "jhol_warm_install": 0.021508066379465163,
    "jhol_offline_install": 0.021261941583361477,
    "npm_cold_install": 2.3182148246094583,
    "npm_warm_install": 2.4332666087779216,
    "yarn_cold_install": 2.098976475012023,
    "yarn_warm_install": 1.1611212418065406,
    "pnpm_cold_install": 2.000832216802519,
    "pnpm_warm_install": 1.4459841501899064,
    "bun_cold_install": 0.06050648319069296,
    "bun_warm_install": 0.042857774801086636
  },
  "medians": {
    "jhol_cold_install": 0.8514702079701237,
    "jhol_warm_install": 0.021069499955046922,
    "jhol_offline_install": 0.0192672919947654,
    "npm_cold_install": 2.4284136660280637,
    "npm_warm_install": 2.017668707994744,
    "yarn_cold_install": 1.9924066250096075,
    "yarn_warm_install": 1.1194482909631915,
    "pnpm_cold_install": 1.9104177500121295,
    "pnpm_warm_install": 1.4111743749817833,
    "bun_cold_install": 0.04428116598865017,
    "bun_warm_install": 0.043152709025889635
  }
}
