{
  "packages": [
    "lodash",
    "axios",
    "chalk"
  ],
  "repeats": 7,
  "results": {
    "jhol_cold_install": [
      1.1802562500233762,
      0.7323346670018509,
      0.766413833014667,
      0.7764179579680786,
      0.7656369580072351,
      0.7088076670188457,
      0.8192957919673063
    ],
    "jhol_warm_install": [
      0.016590667015407234,
      0.0157172919716686,
      0.01511341700097546,
      0.014711958006955683,
      0.013355584000237286,
      0.011442082992289215,
      0.013705833000130951
    ],
    "jhol_offline_install": [
      0.013211417011916637,
      0.01352479198249057,
      0.013925916980952024,
      0.013496542000211775,
      0.016365209012292325,
      0.015173624968156219,
      0.01409374998183921
    ],
    "npm_cold_install": [
      3.113611833017785,
      1.6645097500295378,
      1.9118729580077343,
      2.0297963329940103,
      2.203200999996625,
      1.4805787919904105,
      2.0154267919715494
    ],
    "npm_warm_install": [
      1.3506170409964398,
      1.91959466697881,
      1.5851711659925058,
      2.0557701669749804,
      1.4766812499728985,
      1.4797863340354525,
      1.3612967089866288
    ],
    "yarn_cold_install": [
      2.283487874956336,
      3.122580416034907,
      1.7989455410279334,
      1.8078300000051968,
      1.8547105420148,
      1.8038902500411496,
      1.7674648339743726
    ],
    "yarn_warm_install": [
      0.952185207977891,
      1.188531875028275,
      1.033570832980331,
      1.360094083007425,
      0.9694037919980474,
      0.833300500002224,
      1.2205079579725862
    ],
    "pnpm_cold_install": [
      2.1897752919467166,
      2.0163079170160927,
      2.102143125026487,
      2.061720209021587,
      2.1480316250235774,
      2.0808976250118576,
      2.6314645829843357
    ],
    "pnpm_warm_install": [
      1.5047664999729022,
      1.4602411250234582,
      1.5406323340139352,
      1.516577458998654,
      1.4115447910153307,
      1.330066957976669,
      1.441184333001729
    ],
    "bun_cold_install": [
      0.8246662079473026,
      0.031037749955430627,
      0.03105916699860245,
      0.03259166603675112,
      0.04234220803482458,
      0.03561441699275747,
      0.03875762497773394
    ],
    "bun_warm_install": [
      0.04574995796428993,
      0.0485820829635486,
      0.04360066697699949,
      0.058354125008918345,
      0.05157183296978474,
      0.05621950002387166,
      0.05090787500375882
    ]
  },
  "averages": {
    "jhol_cold_install": 0.8213090178573371,
    "jhol_warm_install": 0.014376690569666348,
    "jhol_offline_install": 0.014255893133979822,
    "npm_cold_install": 2.059856779715379,
    "npm_warm_install": 1.604131047705388,
    "yarn_cold_install": 2.062701351150671,
    "yarn_warm_install": 1.0796563212809684,
    "pnpm_cold_install": 2.175762910861522,
    "pnpm_warm_install": 1.457859071428954,
    "bun_cold_install": 0.14800986299191468,
    "bun_warm_install": 0.0507122915587388
  },
  "medians": {
    "jhol_cold_install": 0.766413833014667,
    "jhol_warm_install": 0.014711958006955683,
    "jhol_offline_install": 0.013925916980952024,
    "npm_cold_install": 2.0154267919715494,
    "npm_warm_install": 1.4797863340354525,
    "yarn_cold_install": 1.8078300000051968,
    "yarn_warm_install": 1.033570832980331,
    "pnpm_cold_install": 2.102143125026487,
    "pnpm_warm_install": 1.4602411250234582,
    "bun_cold_install": 0.03561441699275747,
    "bun_warm_install": 0.05090787500375882
  }
}
